"","label"
"1","unclassified"
"2","unclassified"
"3","unclassified"
"4","unclassified"
"5","unclassified"
"6","unclassified"
"7","unclassified"
"8","unclassified"
"9","unclassified"
"10","unclassified"
"11","unclassified"
"12","unclassified"
"13","unclassified"
"14","unclassified"
"15","unclassified"
"16","unclassified"
"17","unclassified"
"18","unclassified"
"19","unclassified"
"20","unclassified"
"21","unclassified"
"22","unclassified"
"23","unclassified"
"24","unclassified"
"25","unclassified"
"26","unclassified"
"27","unclassified"
"28","unclassified"
"29","unclassified"
"30","unclassified"
"31","unclassified"
"32","unclassified"
"33","unclassified"
"34","unclassified"
"35","unclassified"
"36","unclassified"
"37","unclassified"
"38","unclassified"
"39","unclassified"
"40","unclassified"
"41","unclassified"
"42","unclassified"
"43","unclassified"
"44","unclassified"
"45","unclassified"
"46","unclassified"
"47","unclassified"
"48","unclassified"
"49","unclassified"
"50","unclassified"
"51","unclassified"
"52","unclassified"
"53","unclassified"
